particle_number,contour_number,area_from_moment,fancy_area,arch_length,feret_x,feret_y,convexity,aspect_ratio,elongation
0,0,337,337,156.853,5,5,0.621771,1,1.63138
1,1,2,2,5.65685,22,23,1,1,999
2,2,11.5,11.5,13.8995,20,19,0.958333,0,1.72843
3,3,2,2,5.65685,20,18,1,1,999
4,0,259,259,75.598,5,5,0.877966,1,1.60971
5,0,46.5,46.5,29.5563,5,5,0.885714,1,1.77685
6,0,5.5,5.5,10.2426,5,5,1,1,2.0029
7,0,22,22,25.3137,5,5,0.733333,1,2.32951
8,0,97.5,97.5,57.3553,5,5,0.714286,0,2.25762
9,0,102.5,102.5,49.2132,5,5,0.850622,2,2.42054
10,0,236.5,236.5,72.1838,5,5,0.884112,1,2.19545
11,0,17.5,17.5,19.8995,5,5,0.795455,0,1.66717
12,0,36,36,28.1421,5,5,0.827586,1,1.09986
13,0,279.5,279.5,139.64,5,5,0.602371,0,1.12229
14,1,2,2,5.65685,17,23,1,1,999
15,2,10.5,10.5,13.8995,19,21,0.913043,1,1.87069
16,0,73,73,39.799,5,5,0.863905,1,2.00298
17,0,118,118,65.1127,5,5,0.710843,1,1.34405
18,0,60,60,33.3137,5,5,0.902256,1,1.73617
19,0,6,6,10.8284,5,5,0.923077,1,2.01848
20,0,51.5,51.5,35.5563,5,5,0.865546,2,2.59376
21,0,99,99,52.2843,5,5,0.821577,1,2.83806
22,0,24.5,24.5,22.7279,5,5,0.844828,1,1.83239
23,0,25,25,28.1421,5,5,0.666667,1,1.72944
24,1,2,2,5.65685,6,8,1,1,999
25,0,20,20,18.4853,5,5,0.930233,1,1.51704
26,0,127.5,127.5,60.1838,5,5,0.772727,1,1.54201
27,0,25.5,25.5,21.8995,5,5,0.894737,1,1.51526
28,0,32,32,25.3137,5,5,0.842105,0,1.46679
29,0,178.5,178.5,82.5269,5,5,0.818807,2,3.60049
30,1,2,2,5.65685,32,8,1,1,999
31,0,496,496,116.711,5,5,0.867133,1,1.86808
32,1,2,2,5.65685,26,31,1,1,999
33,2,2,2,5.65685,19,31,1,1,999
34,3,2,2,5.65685,30,29,1,1,999
35,4,4,4,7.65685,16,29,1,0,1.41421
36,5,5.5,5.5,9.07107,9,17,1,1,1
37,6,2,2,5.65685,15,7,1,1,999
38,7,2,2,5.65685,5,7,1,1,999
39,0,169,169,71.598,5,5,0.847118,2,2.3921
40,0,81,81,40.6274,5,5,0.84375,0,1.47818
41,1,2,2,5.65685,6,10,1,1,999
42,0,135,135,61.4558,5,5,0.739726,1,2.50934
43,0,25.5,25.5,34.3848,5,5,0.542553,1,1.39195
44,0,156.5,156.5,88.3259,5,5,0.663136,0,1.81974
45,1,4,4,7.65685,5,20,1,1,1.41421
46,2,2,2,5.65685,16,18,1,1,999
47,3,2,2,5.65685,10,18,1,1,999
48,4,2,2,5.65685,15,13,1,1,999
49,5,11,11,14.4853,13,10,0.916667,0,1.64456
50,0,195.5,195.5,104.811,5,5,0.609984,1,1.6335
51,1,2,2,5.65685,16,13,1,1,999
52,2,2,2,5.65685,17,12,1,1,999
53,3,2,2,5.65685,16,11,1,1,999
54,0,329,329,106.426,5,5,0.775943,0,3.27554
55,1,2,2,5.65685,13,6,1,1,999
56,0,183,183,62.2843,5,5,0.910448,1,2.29088
57,0,7.5,7.5,12.2426,5,5,0.882353,1,2.54858
58,0,274.5,274.5,135.095,5,5,0.667883,1,6.63147
59,0,197.5,197.5,67.3553,5,5,0.835095,1,1.86323
60,0,213,213,79.598,5,5,0.731959,1,1.41147
61,1,6,6,9.65685,8,21,1,1,1.73205
62,2,2,2,5.65685,6,18,1,1,999
63,0,187,187,66.2843,5,5,0.867749,0,2.12793
64,0,261.5,261.5,120.125,5,5,0.596351,0,1.24584
65,1,2,2,5.65685,7,27,1,1,999
66,2,2,2,5.65685,23,8,1,1,999
67,3,2,2,5.65685,21,6,1,1,999
68,4,2,2,5.65685,20,5,1,1,999
69,0,1528,1528,430.701,5,5,0.605988,1,3.10016
70,1,2,2,5.65685,7,62,1,1,999
71,2,2,2,5.65685,9,61,1,1,999
72,3,2,2,5.65685,9,57,1,1,999
73,4,2,2,5.65685,23,47,1,1,999
74,5,2,2,5.65685,27,45,1,1,999
75,6,2,2,5.65685,56,39,1,1,999
76,7,2,2,5.65685,54,39,1,1,999
77,8,11,11,14.4853,57,38,0.916667,1,1.31679
78,9,2,2,5.65685,54,35,1,1,999
79,10,2,2,5.65685,31,35,1,1,999
80,11,2,2,5.65685,67,34,1,1,999
81,12,2,2,5.65685,50,34,1,1,999
82,13,2,2,5.65685,51,33,1,1,999
83,14,2,2,5.65685,46,33,1,1,999
84,15,2,2,5.65685,66,32,1,1,999
85,16,2,2,5.65685,53,32,1,1,999
86,17,2,2,5.65685,71,21,1,1,999
87,18,13,13,14.4853,73,18,0.928571,0,1.33103
88,19,2,2,5.65685,61,18,1,1,999
89,20,4,4,7.65685,63,16,1,0,1.41421
90,21,15.5,15.5,16.7279,75,15,0.911765,0,1.41356
91,22,4,4,7.65685,61,15,1,0,1.41421
92,23,4,4,7.65685,70,12,1,0,1.41421
93,0,134,134,90.9117,5,5,0.582609,1,1.18771
94,0,108.5,108.5,45.2132,5,5,0.896694,1,1.38756
95,0,110,110,53.9411,5,5,0.791367,0,1.99322
96,1,2,2,5.65685,10,15,1,1,999
97,2,2,2,5.65685,10,7,1,1,999
98,0,1442.5,1442.5,587.37,5,5,0.322166,3,2.28345
99,1,4,4,7.65685,150,42,1,1,1.41421
100,2,2,2,5.65685,140,40,1,1,999
101,3,2,2,5.65685,134,38,1,1,999
102,4,2,2,5.65685,29,38,1,1,999
103,5,2,2,5.65685,25,38,1,1,999
104,6,2,2,5.65685,50,37,1,1,999
105,7,5.5,5.5,9.07107,27,37,1,1,1
106,8,2,2,5.65685,116,36,1,1,999
107,9,2,2,5.65685,113,35,1,1,999
108,10,2,2,5.65685,114,34,1,1,999
109,11,2,2,5.65685,24,33,1,1,999
110,12,5.5,5.5,9.07107,22,33,1,1,1
111,13,2,2,5.65685,110,31,1,1,999
112,14,2,2,5.65685,23,30,1,1,999
113,15,2,2,5.65685,33,28,1,1,999
114,16,18,18,18.1421,39,26,0.878049,1,1.4943
115,17,2,2,5.65685,103,25,1,1,999
116,18,22.5,22.5,21.5563,111,23,0.9,0,1.52375
117,19,2,2,5.65685,102,23,1,1,999
118,20,5.5,5.5,9.07107,94,20,1,1,1
119,21,2,2,5.65685,95,18,1,1,999
120,0,56.5,56.5,43.2132,5,5,0.743421,1,1.83111
121,1,2,2,5.65685,15,10,1,1,999
122,0,191,191,92.9117,5,5,0.720755,0,2.3891
123,0,107.5,107.5,52.0416,5,5,0.81749,1,1.82488
124,0,36.5,36.5,25.5563,5,5,0.9125,0,1.94832
125,0,104,104,61.1127,5,5,0.74552,1,1.81798
126,0,77.5,77.5,63.3553,5,5,0.574074,1,1.19768
127,0,147.5,147.5,96.669,5,5,0.658482,1,1.37853
128,1,2,2,5.65685,14,19,1,1,999
129,2,4,4,7.65685,17,13,1,0,1.41421
130,3,2,2,5.65685,17,11,1,1,999
131,0,209.5,209.5,123.439,5,5,0.5,0,1.98159
132,1,2,2,5.65685,12,29,1,1,999
133,2,2,2,5.65685,10,29,1,1,999
134,3,2,2,5.65685,9,28,1,1,999
135,4,2,2,5.65685,14,27,1,1,999
136,5,7,7,10.4853,11,26,1,1,1.44701
137,6,2,2,5.65685,16,16,1,1,999
138,0,48,48,32.9706,5,5,0.834783,1,1.52264
139,0,137.5,137.5,100.468,5,5,0.587607,1,1.33377
140,1,2,2,5.65685,21,17,1,1,999
141,2,4,4,7.65685,11,15,1,1,1.41421
142,3,2,2,5.65685,11,12,1,1,999
143,4,2,2,5.65685,13,11,1,1,999
144,5,2,2,5.65685,6,7,1,1,999
145,0,60.5,60.5,44.8701,5,5,0.711765,0,1.19989
146,1,2,2,5.65685,12,11,1,1,999
147,0,67.5,67.5,37.5563,5,5,0.888158,1,1.66295
148,1,2,2,5.65685,14,8,1,1,999
149,2,4,4,7.65685,15,7,1,1,1.41421
150,0,1102,1102,215.966,5,5,0.710738,0,1.59393
151,1,2,2,5.65685,32,57,1,1,999
152,2,2,2,5.65685,6,48,1,1,999
153,3,2,2,5.65685,9,20,1,1,999
154,4,2,2,5.65685,32,13,1,1,999
155,5,2,2,5.65685,24,13,1,1,999
156,6,2,2,5.65685,34,9,1,1,999
157,7,2,2,5.65685,32,9,1,1,999
158,8,2,2,5.65685,23,8,1,1,999
159,9,2,2,5.65685,19,8,1,1,999
160,10,2,2,5.65685,17,7,1,1,999
161,0,59,59,40.2843,5,5,0.7375,1,1.53919
162,0,280,280,82.5685,5,5,0.844646,0,1.28447
163,1,2,2,5.65685,12,23,1,1,999
164,2,2,2,5.65685,12,7,1,1,999
165,0,63.5,63.5,34.3848,5,5,0.900709,1,1.73048
166,1,2,2,5.65685,8,6,1,1,999
167,0,29.5,29.5,23.8995,5,5,0.893939,1,1.85752
168,0,140,140,90.0833,5,5,0.703518,2,3.09892
169,1,2,2,5.65685,24,10,1,1,999
170,2,4,4,7.65685,26,9,1,1,1.41421
171,0,9.5,9.5,17.5563,5,5,0.730769,1,1.68798
172,0,50.5,50.5,35.2132,5,5,0.782946,1,1.75344
173,1,2,2,5.65685,10,5,1,1,999
174,0,86.5,86.5,54.8701,5,5,0.765487,2,3.22209
175,1,2,2,5.65685,13,10,1,1,999
176,0,80.5,80.5,38.8701,5,5,0.879781,1,1.26407
177,0,6.5,6.5,17.0711,5,5,0.565217,1,1.64527
178,0,22,22,21.3137,5,5,0.862745,1,2.44497
179,0,109.5,109.5,40.3848,5,5,0.948052,1,1.09307
180,0,373.5,373.5,119.64,5,5,0.819978,2,3.92847
181,1,2,2,5.65685,15,15,1,1,999
182,2,2,2,5.65685,21,8,1,1,999
183,0,207,207,77.2548,5,5,0.850103,1,1.99297
184,0,210.5,210.5,97.0122,5,5,0.664038,2,2.47849
185,0,5,5,8.82843,5,5,1,1,1
186,0,73.5,73.5,64.1838,5,5,0.554717,0,1.9471
187,1,2,2,5.65685,6,20,1,1,999
188,2,2,2,5.65685,8,13,1,1,999
189,0,122,122,106.711,5,5,0.491935,1,2.23286
190,1,2,2,5.65685,26,14,1,1,999
191,2,2,2,5.65685,21,13,1,1,999
192,3,2,2,5.65685,18,12,1,1,999
193,4,2,2,5.65685,16,11,1,1,999
194,0,12,12,14.4853,5,5,0.96,1,2.05133
195,0,25,25,25.3137,5,5,0.78125,0,2.3977
196,0,74.5,74.5,38.0416,5,5,0.876471,1,1.60394
197,1,4,4,7.65685,13,13,1,1,1.41421
198,2,2,2,5.65685,6,10,1,1,999
199,0,29.5,29.5,25.5563,5,5,0.842857,1,1.85293
200,0,140.5,140.5,66.5269,5,5,0.791549,1,1.92422
201,0,77,77,48.2843,5,5,0.729858,1,1.74855
202,1,2,2,5.65685,6,14,1,1,999
203,0,310.5,310.5,87.4975,5,5,0.869748,1,2.29901
204,1,2,2,5.65685,17,10,1,1,999
205,0,88,88,44.6274,5,5,0.81106,0,1.78185
206,1,2,2,5.65685,10,15,1,1,999
207,2,2,2,5.65685,12,10,1,1,999
208,0,284,284,112.225,5,5,0.758344,1,2.93029
209,1,2,2,5.65685,24,24,1,1,999
210,2,2,2,5.65685,25,12,1,1,999
211,0,408,408,152.167,5,5,0.686869,0,1.81678
212,1,2,2,5.65685,21,34,1,1,999
213,2,2,2,5.65685,22,33,1,1,999
214,3,2,2,5.65685,32,27,1,1,999
215,4,2,2,5.65685,23,26,1,1,999
216,5,2,2,5.65685,17,25,1,1,999
217,6,2,2,5.65685,25,23,1,1,999
218,7,2,2,5.65685,8,20,1,1,999
219,8,16.5,16.5,19.8995,21,18,0.846154,0,2.90529
220,9,2,2,5.65685,12,18,1,1,999
221,10,2,2,5.65685,5,18,1,1,999
222,11,2,2,5.65685,17,17,1,1,999
223,12,2,2,5.65685,6,15,1,1,999
224,13,2,2,5.65685,7,14,1,1,999
225,0,194.5,194.5,75.8406,5,5,0.79065,1,2.82434
226,1,2,2,5.65685,10,11,1,1,999
227,0,32.5,32.5,29.5563,5,5,0.802469,1,2.47913
228,0,139,139,50.9706,5,5,0.911475,1,1.64098
229,0,5,5,10.8284,5,5,0.769231,1,2.28405
230,0,161,161,93.7401,5,5,0.612167,1,1.77316
231,1,2,2,5.65685,9,18,1,1,999
232,2,2,2,5.65685,10,17,1,1,999
233,3,2,2,5.65685,22,9,1,1,999
234,4,2,2,5.65685,23,8,1,1,999
235,5,2,2,5.65685,16,6,1,1,999
236,0,186,186,71.9411,5,5,0.879433,0,2.96327
237,0,25,25,23.3137,5,5,0.877193,0,1.8641
238,0,373,373,168.853,5,5,0.53592,0,1.8229
239,1,2,2,5.65685,27,34,1,1,999
240,2,4,4,7.65685,24,21,1,0,1.41421
241,3,2,2,5.65685,26,20,1,1,999
242,0,51,51,39.799,5,5,0.766917,0,2.10911
243,0,173.5,173.5,71.4975,5,5,0.698189,0,1.43944
244,0,109,109,52.6274,5,5,0.848249,0,2.49389
245,0,144,144,92.4264,5,5,0.62203,1,3.01881
246,0,59,59,48.2843,5,5,0.655556,0,1.39969
247,0,3,3,10.8284,5,5,0.857143,3,inf
248,0,9,9,16.4853,5,5,0.72,2,2.42685
249,0,485,485,129.196,5,5,0.795734,0,1.70627
250,1,2,2,5.65685,25,33,1,1,999
251,2,4,4,7.65685,28,28,1,0,1.41421
252,3,5.5,5.5,9.07107,16,26,1,1,1
253,4,2,2,5.65685,28,25,1,1,999
254,5,2,2,5.65685,21,11,1,1,999
255,0,604.5,604.5,217.865,5,5,0.576538,1,1.21391
256,1,2,2,5.65685,13,32,1,1,999
257,2,4,4,7.65685,9,22,1,1,1.41421
258,3,2,2,5.65685,29,20,1,1,999
259,4,2,2,5.65685,26,20,1,1,999
260,5,7,7,10.4853,22,20,1,0,1.29099
261,6,2,2,5.65685,45,19,1,1,999
262,7,2,2,5.65685,24,19,1,1,999
263,8,2,2,5.65685,44,18,1,1,999
264,9,2,2,5.65685,40,18,1,1,999
265,10,5.5,5.5,9.07107,27,18,1,1,1
266,11,2,2,5.65685,39,17,1,1,999
267,12,4,4,7.65685,33,17,1,0,1.41421
268,13,4,4,7.65685,22,16,1,0,1.41421
269,14,2,2,5.65685,10,16,1,1,999
270,15,2,2,5.65685,23,15,1,1,999
271,16,2,2,5.65685,20,15,1,1,999
272,17,2,2,5.65685,22,14,1,1,999
273,18,2,2,5.65685,10,14,1,1,999
274,19,2,2,5.65685,21,13,1,1,999
275,20,2,2,5.65685,22,12,1,1,999
276,21,2,2,5.65685,19,12,1,1,999
277,22,17,17,19.3137,9,12,0.894737,1,1.72155
278,23,2,2,5.65685,9,10,1,1,999
279,24,2,2,5.65685,8,9,1,1,999
280,25,2,2,5.65685,10,6,1,1,999
281,0,822,822,206.794,5,5,0.638199,0,1.56709
282,1,2,2,5.65685,14,46,1,1,999
283,2,2,2,5.65685,15,45,1,1,999
284,3,2,2,5.65685,12,43,1,1,999
285,4,2,2,5.65685,49,35,1,1,999
286,5,2,2,5.65685,25,35,1,1,999
287,6,2,2,5.65685,41,34,1,1,999
288,0,224,224,101.882,5,5,0.735632,1,1.29908
289,1,2,2,5.65685,9,23,1,1,999
290,2,2,2,5.65685,12,20,1,1,999
291,3,2,2,5.65685,9,19,1,1,999
292,4,6,6,9.65685,23,12,1,0,1.73205
293,5,2,2,5.65685,6,11,1,1,999
294,6,2,2,5.65685,10,9,1,1,999
295,0,160.5,160.5,111.782,5,5,0.593346,1,1.32489
296,1,2,2,5.65685,17,17,1,1,999
297,2,4,4,7.65685,21,15,1,0,1.41421
298,3,2,2,5.65685,15,15,1,1,999
299,4,2,2,5.65685,12,15,1,1,999
300,5,2,2,5.65685,20,14,1,1,999
301,6,4,4,7.65685,18,14,1,0,1.41421
302,7,2,2,5.65685,10,14,1,1,999
303,0,184.5,184.5,176.066,5,5,0.432084,1,1.40708
304,1,2,2,5.65685,18,27,1,1,999
305,2,2,2,5.65685,12,27,1,1,999
306,3,2,2,5.65685,13,26,1,1,999
307,4,2,2,5.65685,9,24,1,1,999
308,5,2,2,5.65685,13,22,1,1,999
309,6,2,2,5.65685,6,21,1,1,999
310,7,2,2,5.65685,13,18,1,1,999
311,8,2,2,5.65685,21,14,1,1,999
312,9,2,2,5.65685,22,13,1,1,999
313,10,5.5,5.5,9.07107,12,13,1,1,1
314,11,6,6,9.65685,14,12,1,1,1.73205
315,12,2,2,5.65685,27,11,1,1,999
316,13,2,2,5.65685,11,11,1,1,999
317,0,15.5,15.5,17.0711,5,5,0.939394,2,2.06886
318,0,96.5,96.5,50.8701,5,5,0.835498,1,1.439
319,0,84.5,84.5,80.669,5,5,0.563333,1,3.64566
320,1,2,2,5.65685,9,17,1,1,999
321,2,4,4,7.65685,10,15,1,0,1.41421
322,3,4,4,7.65685,11,14,1,1,1.41421
323,0,60,60,38.9706,5,5,0.779221,1,1.60709
324,0,26,26,30.9706,5,5,0.675325,2,2.08172
325,0,388,388,116.225,5,5,0.838013,1,4.56216
326,1,2,2,5.65685,42,25,1,1,999
327,2,2,2,5.65685,38,22,1,1,999
328,0,22.5,22.5,22.7279,5,5,0.818182,0,1.41181
329,0,411.5,411.5,121.296,5,5,0.747502,0,2.07609
330,1,2,2,5.65685,20,39,1,1,999
331,0,60.5,60.5,35.5563,5,5,0.846154,1,1.81046
332,1,2,2,5.65685,9,6,1,1,999
333,0,38,38,25.3137,5,5,0.904762,0,1.29549
334,0,174.5,174.5,75.3553,5,5,0.779018,1,2.21751
335,0,246,246,108.569,5,5,0.657754,1,1.85941
336,1,2,2,5.65685,9,25,1,1,999
337,2,2,2,5.65685,9,13,1,1,999
338,3,2,2,5.65685,25,8,1,1,999
339,0,15,15,15.6569,5,5,1,1,1.62879
340,0,142,142,61.9411,5,5,0.811429,1,2.15292
341,0,2.5,2.5,7.41421,5,5,1,2,999
342,0,245.5,245.5,79.4975,5,5,0.81157,0,1.3463
343,0,260.5,260.5,132.953,5,5,0.457419,1,1.34743
344,1,2,2,5.65685,7,30,1,1,999
345,2,2,2,5.65685,28,6,1,1,999
346,0,186.5,186.5,57.3553,5,5,0.927861,1,1.61081
347,0,24.5,24.5,22.7279,5,5,0.830508,1,1.95937
348,0,612.5,612.5,239.865,5,5,0.58112,0,3.49713
349,1,2,2,5.65685,38,33,1,1,999
350,2,2,2,5.65685,24,33,1,1,999
351,3,2,2,5.65685,20,17,1,1,999
352,4,2,2,5.65685,18,16,1,1,999
353,5,2,2,5.65685,9,12,1,1,999
354,6,4,4,7.65685,15,10,1,1,1.41421
355,0,87,87,55.9411,5,5,0.710204,1,1.88066
356,1,2,2,5.65685,6,10,1,1,999
357,2,2,2,5.65685,5,9,1,1,999
358,0,68.5,68.5,36.3848,5,5,0.913333,1,1.49802
359,0,59,59,56.6274,5,5,0.631016,2,4.62376
360,0,20.5,20.5,31.5563,5,5,0.621212,0,3.77356
361,1,2,2,5.65685,8,5,1,1,999
362,0,145,145,64.7696,5,5,0.775401,0,1.17157
363,1,2,2,5.65685,6,12,1,1,999
364,0,116,116,61.598,5,5,0.805556,0,3.23727
365,0,170,170,63.9411,5,5,0.792541,0,1.70825
366,1,2,2,5.65685,12,8,1,1,999
367,2,2,2,5.65685,13,7,1,1,999
368,0,47,47,30.9706,5,5,0.854545,1,1.23776
369,1,2,2,5.65685,12,8,1,1,999
370,0,557,557,166.652,5,5,0.675152,1,1.7699
371,1,2,2,5.65685,23,24,1,1,999
372,2,2,2,5.65685,21,24,1,1,999
373,3,2,2,5.65685,28,22,1,1,999
374,4,2,2,5.65685,30,18,1,1,999
375,0,347.5,347.5,161.581,5,5,0.560936,0,1.52984
376,1,4,4,7.65685,7,16,1,1,1.41421
377,2,2,2,5.65685,13,14,1,1,999
378,3,2,2,5.65685,33,13,1,1,999
379,4,2,2,5.65685,14,12,1,1,999
380,0,229.5,229.5,78.5269,5,5,0.796875,1,1.8887
381,0,555.5,555.5,220.35,5,5,0.62067,1,2.73209
382,1,2,2,5.65685,13,27,1,1,999
383,2,4,4,7.65685,17,23,1,0,1.41421
384,3,2,2,5.65685,16,22,1,1,999
385,4,2,2,5.65685,21,10,1,1,999
386,0,28,28,22.4853,5,5,0.903226,1,1.91575
387,0,6.5,6.5,10.2426,5,5,1,1,1.66663
388,0,128.5,128.5,87.1543,5,5,0.634568,0,1.2942
389,1,2,2,5.65685,8,20,1,1,999
390,0,100.5,100.5,48.8701,5,5,0.885463,1,2.85464
391,0,153,153,54.6274,5,5,0.894737,0,1.9352
392,0,13,13,16.4853,5,5,0.8125,1,1.41206
393,0,112,112,44.6274,5,5,0.92562,1,1.69332
394,1,2,2,5.65685,5,6,1,1,999
395,0,57.5,57.5,75.8406,5,5,0.416667,1,1.53898
396,0,516.5,516.5,214.35,5,5,0.581317,1,1.61126
397,1,2,2,5.65685,14,33,1,1,999
398,2,2,2,5.65685,16,30,1,1,999
399,3,4,4,7.65685,14,29,1,0,1.41421
400,4,2,2,5.65685,16,28,1,1,999
401,5,2,2,5.65685,14,27,1,1,999
402,6,2,2,5.65685,8,27,1,1,999
403,7,2,2,5.65685,32,26,1,1,999
404,8,6,6,9.65685,38,24,1,1,1.73205
405,9,2,2,5.65685,37,22,1,1,999
406,10,2,2,5.65685,42,21,1,1,999
407,11,4,4,7.65685,38,20,1,1,1.41421
408,12,2,2,5.65685,26,18,1,1,999
409,13,2,2,5.65685,24,18,1,1,999
410,14,2,2,5.65685,22,18,1,1,999
411,15,2,2,5.65685,14,17,1,1,999
412,16,2,2,5.65685,12,17,1,1,999
413,17,2,2,5.65685,22,14,1,1,999
414,18,124.5,124.5,46.0416,29,11,0.950382,0,1.42402
415,19,2,2,5.65685,36,8,1,1,999
416,0,242,242,81.2548,5,5,0.853616,2,2.45661
417,1,2,2,5.65685,8,11,1,1,999
418,2,2,2,5.65685,14,9,1,1,999
419,3,2,2,5.65685,8,8,1,1,999
420,0,302.5,302.5,92.5269,5,5,0.859375,0,3.30211
421,0,104,104,63.2548,5,5,0.737589,1,2.60356
422,1,2,2,5.65685,21,14,1,1,999
423,2,2,2,5.65685,22,12,1,1,999
424,0,266.5,266.5,134.125,5,5,0.67044,2,3.96199
425,1,2,2,5.65685,41,18,1,1,999
426,2,2,2,5.65685,21,14,1,1,999
427,0,72,72,47.1127,5,5,0.70936,0,2.38999
428,0,63.5,63.5,41.2132,5,5,0.779141,1,1.90461
429,1,2,2,5.65685,8,11,1,1,999
430,0,227.5,227.5,182.066,5,5,0.390223,0,2.8274
431,1,2,2,5.65685,9,41,1,1,999
432,2,4,4,7.65685,13,40,1,0,1.41421
433,3,2,2,5.65685,17,38,1,1,999
434,4,2,2,5.65685,21,24,1,1,999
435,5,2,2,5.65685,20,23,1,1,999
436,6,2,2,5.65685,19,19,1,1,999
437,7,2,2,5.65685,31,18,1,1,999
438,8,2,2,5.65685,28,17,1,1,999
439,9,13,13,14.4853,20,17,0.928571,0,1.5033
440,10,2,2,5.65685,28,15,1,1,999
441,0,103.5,103.5,43.2132,5,5,0.90393,1,1.94457
442,0,35.5,35.5,28.7279,5,5,0.788889,1,1.08434
443,0,456.5,456.5,180.894,5,5,0.561501,0,1.76687
444,1,2,2,5.65685,9,25,1,1,999
445,2,2,2,5.65685,23,13,1,1,999
446,3,2,2,5.65685,18,9,1,1,999
447,4,2,2,5.65685,18,7,1,1,999
448,0,52.5,52.5,33.5563,5,5,0.84,1,1.62956
449,0,248,248,104.711,5,5,0.756098,1,1.06528
450,1,2,2,5.65685,17,9,1,1,999
451,2,2,2,5.65685,10,9,1,1,999
452,3,2,2,5.65685,19,8,1,1,999
453,4,2,2,5.65685,18,7,1,1,999
454,5,2,2,5.65685,5,7,1,1,999
455,6,2,2,5.65685,16,6,1,1,999
456,7,2,2,5.65685,17,5,1,1,999
457,0,346,346,96.0833,5,5,0.837772,1,1.60638
458,1,2,2,5.65685,9,22,1,1,999
459,2,2,2,5.65685,28,21,1,1,999
460,3,2,2,5.65685,15,20,1,1,999
461,4,2,2,5.65685,10,17,1,1,999
462,5,2,2,5.65685,6,17,1,1,999
463,0,51,51,30.1421,5,5,0.886957,1,1.54599
464,0,5.5,5.5,13.8995,5,5,0.611111,0,1.83332
465,0,107,107,75.2548,5,5,0.575269,1,1.2266
466,0,82.5,82.5,37.2132,5,5,0.942857,1,1.60162
467,0,102,102,44.2843,5,5,0.918919,0,1.93258
468,1,2,2,5.65685,10,9,1,1,999
469,0,333,333,99.7401,5,5,0.82939,1,1.21793
470,1,2,2,5.65685,20,20,1,1,999
471,2,2,2,5.65685,21,19,1,1,999
472,3,2,2,5.65685,19,19,1,1,999
473,4,2,2,5.65685,25,15,1,1,999
474,5,2,2,5.65685,19,15,1,1,999
475,6,13,13,14.4853,16,11,1,1,1.73205
476,7,2,2,5.65685,18,9,1,1,999
477,0,21.5,21.5,19.0711,5,5,0.934783,1,1.23596
478,0,104.5,104.5,46.8701,5,5,0.853061,0,1.5058
479,0,242,242,91.7401,5,5,0.731118,0,2.96064
480,0,58,58,34.9706,5,5,0.878788,0,1.79146
481,0,11,11,22.1421,5,5,0.628571,2,2.48968
482,1,2,2,5.65685,9,5,1,1,999
483,0,7.5,7.5,12.2426,5,5,0.882353,1,2.57281
484,0,32.5,32.5,29.5563,5,5,0.822785,1,2.96436
485,0,6.5,6.5,11.0711,5,5,0.866667,1,1.21673
486,0,146.5,146.5,58.5269,5,5,0.851744,1,1.14971
487,1,2,2,5.65685,6,10,1,1,999
488,0,111,111,44.9706,5,5,0.925,1,1.52149
489,0,19.5,19.5,26.7279,5,5,0.764706,0,3.38368
490,0,88,88,60.7696,5,5,0.666667,1,2.33589
491,0,26,26,22.1421,5,5,0.881356,1,1.98967
492,0,1,1,4.82843,5,5,1,0,999
493,0,3,3,6.82843,5,5,1,1,1.41421
494,0,6,6,9.65685,5,5,1,1,1.46956
495,0,6.5,6.5,10.2426,5,5,0.928571,1,1.43008
496,0,16,16,19.6569,5,5,0.888889,2,2.32271
497,0,33.5,33.5,29.5563,5,5,0.8375,1,3.10444
498,0,9.5,9.5,12.2426,5,5,1,1,1.62727
499,0,28,28,27.799,5,5,0.717949,0,1.69962
500,0,54.5,54.5,30.7279,5,5,0.908333,1,1.22308
501,0,52,52,39.799,5,5,0.776119,0,2.79057
502,0,4,4,8.82843,5,5,0.888889,1,1.1431
503,0,38.5,38.5,43.6985,5,5,0.647059,0,3.08058
504,0,0,0,4,5,5,-nan,0,999
505,0,3,3,6.82843,5,5,1,1,1.73205
506,0,63.5,63.5,46.0416,5,5,0.705556,1,1.22908
507,1,2,2,5.65685,11,14,1,1,999
508,0,70.5,70.5,54.8701,5,5,0.585062,0,1.13806
509,0,2,2,6.82843,5,5,1,1,999
510,0,96.5,96.5,75.3553,5,5,0.630719,1,2.7752
511,1,14.5,14.5,17.5563,13,8,0.90625,1,2.52509
512,0,11,11,23.3137,5,5,0.628571,2,3.49493
513,0,25,25,22.1421,5,5,0.862069,1,1.39798
514,0,3.5,3.5,7.41421,5,5,1,1,1.29099
515,0,2,2,6,5,5,1,1,999
516,0,83,83,52.2843,5,5,0.68595,0,2.00633
517,0,4,4,8.82843,5,5,0.888889,1,1.7529
518,0,12.5,12.5,15.0711,5,5,0.892857,1,1.66923
519,0,173,173,67.1127,5,5,0.797235,1,1.10287
520,0,6,6,11.6569,5,5,0.8,1,1.36865
521,0,25.5,25.5,21.8995,5,5,0.910714,1,1.74569
522,0,35.5,35.5,32.7279,5,22,0.68932,0,2.03969
523,1,77.5,77.5,42.8701,5,5,0.782828,0,1.42992
524,0,609,609,135.539,5,5,0.818548,0,2.14218
525,1,2,2,5.65685,11,31,1,1,999
526,2,2,2,5.65685,23,7,1,1,999
527,0,2,2,6,5,5,1,1,999
528,0,6.5,6.5,15.0711,5,5,0.619048,0,2.0815
529,0,5.5,5.5,11.0711,5,5,1,1,2.52282
530,0,107.5,107.5,51.6985,5,5,0.839844,1,2.28242
531,0,782.5,782.5,217.38,5,5,0.718879,0,3.00484
532,1,4,4,7.65685,14,30,1,0,1.41421
533,0,788,788,122.083,5,5,0.909406,1,1.5016
534,0,2.5,2.5,7.41421,5,5,1,2,999
535,0,9.5,9.5,13.0711,5,5,0.95,1,1.64874
536,0,22,22,19.3137,5,5,0.916667,1,1.10396
537,0,166,166,63.9411,5,5,0.862338,1,2.39675
538,0,86,86,44.6274,5,5,0.781818,1,1.11315
539,0,26.5,26.5,22.7279,5,5,0.868852,1,1.83194
540,0,29.5,29.5,21.0711,5,5,0.967213,1,1.43516
541,0,190,190,91.7401,5,5,0.671378,0,1.16408
542,1,4,4,7.65685,8,18,1,0,1.41421
543,0,5.5,5.5,10.2426,5,5,0.846154,1,1.3024
544,0,0.5,0.5,5.41421,5,5,0.5,1,999
545,0,4,4,8.82843,5,5,0.888889,1,1.7529
546,0,248,248,73.598,5,5,0.835017,0,1.39531
547,0,153,153,91.7401,5,5,0.56044,1,2.45867
548,0,14.5,14.5,21.0711,5,5,0.805556,2,1.87091
549,0,477,477,245.48,5,5,0.308638,1,2.0675
550,0,565.5,565.5,139.012,5,5,0.893365,0,4.90393
551,0,27,27,28.4853,5,5,0.675,0,1.26242
552,0,14,14,14.8284,5,5,1,1,1.1547
553,0,4,4,18.8284,5,5,0.666667,5,inf
554,0,40,40,51.1127,5,5,0.473373,0,1.81718
555,1,2,2,5.65685,8,10,1,1,999
556,0,37,37,23.3137,5,5,0.961039,1,1.1843
557,0,38.5,38.5,25.5563,5,5,0.950617,0,1.83824
558,0,10.5,10.5,13.0711,5,5,0.913043,1,1.12569
559,0,5,5,10.8284,5,5,0.833333,1,2.10879
560,0,8,8,11.6569,5,5,0.941176,1,1.6297
561,0,5.5,5.5,9.41421,5,5,1,1,1.33746
562,0,3.5,3.5,11.0711,5,5,0.7,0,2.99633
563,0,1.5,1.5,5.41421,5,5,1,1,999
564,0,3.5,3.5,8.24264,5,5,0.875,0,1.76983
565,0,5,5,8.82843,5,5,1,1,1.73205
566,0,15,15,17.6569,5,5,0.909091,1,1.70057
567,1,2,2,5.65685,7,6,1,1,999
568,0,4.5,4.5,10.2426,5,5,0.9,1,2.80622
569,0,10.5,10.5,19.8995,5,5,0.677419,0,1.46379
570,0,7.5,7.5,12.2426,5,5,0.833333,1,1.28051
571,0,31,31,34.1421,5,5,0.729412,1,3.95518
572,0,5.5,5.5,10.2426,5,5,0.916667,1,2.06122
573,0,13.5,13.5,15.0711,5,5,0.931034,1,1.66214
574,0,8.5,8.5,13.0711,5,5,0.85,1,1.72843
575,0,16,16,18.4853,5,5,0.820513,1,1.65515
576,0,2.5,2.5,6.24264,5,5,1,1,1.73205
577,0,33.5,33.5,27.5563,5,5,0.82716,0,1.14086
578,0,12,12,13.6569,5,5,0.96,1,1.52072
579,0,20,20,18.4853,5,5,0.930233,1,1.6268
580,0,43.5,43.5,26.7279,5,5,0.935484,1,1.68934
581,0,15,15,15.6569,5,5,0.9375,1,1.5644
582,0,30,30,22.4853,5,5,0.923077,1,1.60197
583,0,23,23,30.1421,5,5,0.657143,1,1.45453
584,0,23.5,23.5,26.7279,5,5,0.652778,1,1.24143
585,0,14,14,17.6569,5,5,0.875,2,2.50461
586,0,37,37,30.9706,5,5,0.755102,0,1.73394
587,0,9,9,12.8284,5,5,1,2,1.76759
588,0,33,33,36.1421,5,5,0.640777,1,1.67264
589,0,33.5,33.5,23.8995,5,5,0.917808,1,1.5797
590,0,28.5,28.5,23.5563,5,5,0.904762,0,1.46502
591,0,14,14,19.3137,5,5,0.777778,1,1.48534
592,0,8,8,12.8284,5,5,0.941176,2,2.11276
593,0,46.5,46.5,27.5563,5,5,0.93,1,1.4132
594,0,15.5,15.5,15.0711,5,5,0.96875,1,1.19703
595,0,4,4,8.82843,5,5,0.888889,1,2.17352
596,0,5,5,10.8284,5,5,0.833333,1,1
597,0,17.5,17.5,17.8995,5,5,0.875,1,1.62548
598,0,14.5,14.5,15.0711,5,5,0.935484,1,1.31222
599,0,58.5,58.5,42.3848,5,5,0.713415,1,1.18655
600,0,0,0,0,5,19,-nan,1,999
601,1,471,471,115.054,7,5,0.866605,1,1.13873
602,2,2,2,5.65685,12,21,1,1,999
603,3,2,2,5.65685,7,13,1,1,999
604,4,2,2,5.65685,23,9,1,1,999
605,5,2,2,5.65685,22,8,1,1,999
606,0,23.5,23.5,19.0711,5,5,0.94,0,1.13856
607,0,18,18,18.1421,5,5,0.923077,1,1.94966
608,0,26,26,29.799,5,5,0.684211,0,2.07671
609,0,181,181,56.2843,5,5,0.916456,0,1.23996
610,1,2,2,5.65685,18,15,1,1,999
611,0,28,28,26.9706,5,5,0.777778,1,1.2782
612,0,131.5,131.5,54.0416,5,5,0.853896,1,1.97744
613,0,221,221,97.7401,5,5,0.656761,1,1.63561
614,0,184,184,89.2548,5,5,0.724409,1,1.74267
615,1,2,2,5.65685,6,11,1,1,999
616,2,2,2,5.65685,22,7,1,1,999
617,0,42,42,32.9706,5,5,0.763636,1,1.19998
618,1,2,2,5.65685,10,6,1,1,999
619,0,31,31,28.1421,5,5,0.815789,2,2.10979
620,0,147.5,147.5,66.1838,5,5,0.78877,0,1.69302
621,0,771.5,771.5,169.782,5,5,0.731973,0,1.165
622,1,2,2,5.65685,38,11,1,1,999
623,0,109,109,50.2843,5,5,0.825758,0,1.97136
624,1,2,2,5.65685,11,10,1,1,999
625,0,92,92,63.598,5,5,0.652482,1,1.48595
626,1,2,2,5.65685,9,13,1,1,999
627,2,2,2,5.65685,11,11,1,1,999
628,3,4,4,7.65685,10,7,1,1,1.41421
629,4,2,2,5.65685,12,6,1,1,999
630,0,75,75,46.2843,5,5,0.746269,0,1.32832
631,1,2,2,5.65685,8,11,1,1,999
632,0,3,3,14.4853,5,5,0.428571,1,4.14586
633,0,44.5,44.5,29.5563,5,5,0.855769,0,1.33748
634,0,43.5,43.5,29.5563,5,5,0.896907,0,1.78037
635,0,20.5,20.5,20.7279,5,5,0.82,1,1.10371
636,0,141,141,48.2843,5,5,0.94,1,1.50236
637,1,2,2,5.65685,16,16,1,1,999
638,0,48.5,48.5,33.5563,5,5,0.858407,1,1.78188
639,1,2,2,5.65685,10,7,1,1,999
640,2,2,2,5.65685,12,6,1,1,999
641,0,54.5,54.5,33.5563,5,5,0.865079,1,1.40548
642,1,2,2,5.65685,10,7,1,1,999
643,0,171,171,58.7696,5,5,0.888312,1,1.59788
644,0,26.5,26.5,21.8995,5,5,0.883333,1,1.47377
645,0,37.5,37.5,26.7279,5,5,0.925926,1,1.85781
646,0,67.5,67.5,48.8701,5,5,0.737705,0,1.79548
647,1,2,2,5.65685,6,15,1,1,999
648,2,2,2,5.65685,8,13,1,1,999
649,0,23,23,19.6569,5,5,0.92,0,1.32534
650,0,80.5,80.5,54.8701,5,5,0.777778,1,2.70047
651,1,2,2,5.65685,20,9,1,1,999
652,2,2,2,5.65685,12,8,1,1,999
653,3,2,2,5.65685,16,7,1,1,999
654,0,74.5,74.5,40.0416,5,5,0.861272,1,1.17891
655,0,122.5,122.5,85.4975,5,5,0.688202,1,2.12837
656,1,2,2,5.65685,20,17,1,1,999
657,2,9,9,12.4853,18,13,0.947368,0,1.76595
658,3,11.5,11.5,15.0711,21,12,0.884615,0,1.77131
659,4,2,2,5.65685,23,10,1,1,999
660,5,2,2,5.65685,17,7,1,1,999
661,6,2,2,5.65685,13,6,1,1,999
662,7,2,2,5.65685,7,5,1,1,999
663,0,5.5,5.5,10.2426,5,5,0.846154,1,1.28469
664,0,804,804,193.137,5,5,0.816658,1,1.55542
665,1,2,2,5.65685,47,32,1,1,999
666,2,2,2,5.65685,28,32,1,1,999
667,3,2,2,5.65685,29,31,1,1,999
668,4,4,4,7.65685,17,28,1,1,1.41421
669,5,2,2,5.65685,12,27,1,1,999
670,6,2,2,5.65685,10,27,1,1,999
671,7,5.5,5.5,9.07107,15,26,1,1,1
672,8,12,12,15.3137,41,24,0.888889,0,2.63192
673,9,2,2,5.65685,28,16,1,1,999
674,10,2,2,5.65685,18,12,1,1,999
675,11,2,2,5.65685,16,10,1,1,999
676,12,2,2,5.65685,22,7,1,1,999
677,13,2,2,5.65685,21,6,1,1,999
678,0,3,3,9.65685,5,5,0.6,1,1.78627
679,0,55,55,52.6274,5,5,0.597826,0,1.82236
680,1,2,2,5.65685,6,7,1,1,999
681,0,97.5,97.5,37.5563,5,5,0.979899,1,1.35756
682,0,6.5,6.5,14.2426,5,5,0.65,0,2.02774
683,0,7.5,7.5,12.2426,5,5,0.882353,1,2.64291
684,0,51,51,37.799,5,5,0.766917,1,1.38206
685,0,39,39,24.4853,5,5,0.95122,1,1.57244
686,0,84,84,49.1127,5,5,0.740088,1,1.93398
687,0,162,162,69.9411,5,5,0.753488,1,1.18061
688,0,3,3,9.65685,5,5,0.857143,1,3.36859
689,0,309,309,88.0833,5,5,0.859527,0,1.6874
690,0,69.5,69.5,33.2132,5,5,0.939189,1,1.2078
691,0,6,6,14.4853,5,5,0.666667,0,2.29808
692,0,2,2,12.4853,5,9,0.333333,1,1.8776
693,1,0,0,0,5,8,-nan,1,999
694,2,0,0,2,6,5,-nan,2,999
695,0,120,120,76.0833,5,5,0.687679,2,3.13193
696,1,2,2,5.65685,15,9,1,1,999
697,2,2,2,5.65685,7,8,1,1,999
698,3,2,2,5.65685,17,5,1,1,999
699,4,2,2,5.65685,15,5,1,1,999
700,0,152,152,61.1127,5,5,0.802111,1,1.31623
701,1,2,2,5.65685,9,12,1,1,999
702,2,2,2,5.65685,9,8,1,1,999
703,0,29.5,29.5,23.0711,5,5,0.921875,1,1.94639
704,0,89,89,82.9117,5,5,0.526627,1,1.49621
705,1,2,2,5.65685,13,18,1,1,999
706,2,2,2,5.65685,14,16,1,1,999
707,3,2,2,5.65685,9,14,1,1,999
708,4,2,2,5.65685,6,11,1,1,999
709,5,2,2,5.65685,6,7,1,1,999
710,0,37.5,37.5,29.5563,5,5,0.806452,1,1.34054
711,1,2,2,5.65685,7,6,1,1,999
712,0,43.5,43.5,41.2132,5,5,0.731092,1,2.18513
713,0,168.5,168.5,65.0122,5,5,0.838308,0,1.14222
714,1,4,4,7.65685,12,20,1,0,1.41421
715,0,43,43,28.4853,5,5,0.895833,1,1.66791
716,0,17,17,19.3137,5,5,0.790698,1,1.33096
717,0,1.5,1.5,8.24264,5,5,0.5,1,1.14041
718,0,16.5,16.5,17.0711,5,5,0.891892,0,1.18181
719,0,10,10,12.8284,5,5,0.952381,0,1.36867
720,0,35.5,35.5,23.8995,5,5,0.934211,1,1.44955
721,0,67.5,67.5,35.5563,5,5,0.865385,1,1.36108
722,0,31,31,22.4853,5,5,0.925373,0,1.20487
723,0,23,23,26.1421,5,5,0.71875,1,1.27512
724,0,49.5,49.5,32.7279,5,5,0.891892,0,2.1461
725,0,5,5,12.8284,5,5,1,3,999
726,0,4,4,9.65685,5,5,0.888889,1,2.58268
727,0,148.5,148.5,66.5269,5,5,0.822715,1,1.70191
728,1,4,4,7.65685,11,13,1,1,1.41421
729,2,4,4,7.65685,11,9,1,1,1.41421
730,3,4,4,7.65685,21,7,1,1,1.41421
731,4,2,2,5.65685,12,7,1,1,999
732,5,2,2,5.65685,20,5,1,1,999
733,0,13,13,16.4853,5,5,0.8125,1,1.47145
734,0,8,8,21.6569,5,5,0.64,3,2.83658
735,0,646.5,646.5,120.953,5,5,0.901674,1,2.01288
736,0,40,40,33.799,5,5,0.740741,0,1.27268
737,0,9.5,9.5,12.2426,5,5,1,1,1.62727
738,0,102,102,51.9411,5,5,0.825911,1,1.83156
739,1,2,2,5.65685,12,13,1,1,999
740,2,2,2,5.65685,14,9,1,1,999
741,3,2,2,5.65685,12,9,1,1,999
742,4,4,4,7.65685,19,8,1,0,1.41421
743,5,2,2,5.65685,18,7,1,1,999
744,6,2,2,5.65685,12,5,1,1,999
745,0,11.5,11.5,13.8995,5,5,1,1,1.90111
746,0,3.5,3.5,9.41421,5,5,1,2,999
747,0,42.5,42.5,40.0416,5,5,0.720339,1,1.33795
748,0,15.5,15.5,16.2426,5,5,0.96875,1,1.40998
749,0,223,223,114.711,5,5,0.642651,0,2.76952
750,1,2,2,5.65685,11,28,1,1,999
751,2,2,2,5.65685,11,24,1,1,999
752,3,2,2,5.65685,13,20,1,1,999
753,4,2,2,5.65685,11,20,1,1,999
754,5,2,2,5.65685,7,19,1,1,999
755,6,2,2,5.65685,10,17,1,1,999
756,7,2,2,5.65685,7,17,1,1,999
757,8,2,2,5.65685,22,11,1,1,999
758,9,2,2,5.65685,23,8,1,1,999
759,10,2,2,5.65685,20,7,1,1,999
760,0,12,12,16.4853,5,5,0.8,0,1.24224
761,0,16,16,21.3137,5,5,0.744186,1,1.61026
762,0,80,80,46.2843,5,5,0.780488,0,1.44822
763,0,10.5,10.5,15.0711,5,5,0.84,1,1.41474
764,0,22.5,22.5,19.8995,5,5,0.9375,1,1.98795
765,0,15,15,20.1421,5,5,0.789474,1,1.59011
766,1,2,2,5.65685,8,6,1,1,999
767,0,71.5,71.5,47.6985,5,5,0.794444,0,1.37095
768,1,2,2,5.65685,7,15,1,1,999
769,2,4,4,7.65685,6,11,1,1,1.41421
770,0,44,44,32.6274,5,5,0.838095,1,1.43076
771,0,164,164,55.4558,5,5,0.911111,0,1.91298
772,0,135,135,50.6274,5,5,0.915254,1,1.82304
773,0,48,48,31.4558,5,5,0.834783,1,1.33139
774,0,106,106,60.7696,5,5,0.765343,0,2.28761
775,1,2,2,5.65685,15,17,1,1,999
776,0,16.5,16.5,19.0711,5,5,0.868421,1,2.69495
777,0,28.5,28.5,21.0711,5,5,0.95,1,1.15631
778,0,50,50,50.2843,5,5,0.588235,1,1.93421
779,1,2,2,5.65685,11,11,1,1,999
780,0,7,7,11.6569,5,5,0.875,1,1.37598
781,0,194,194,66.4264,5,5,0.845316,1,1.44091
782,1,4,4,7.65685,13,13,1,0,1.41421
783,2,10,10,13.3137,21,12,0.909091,0,1.30413
784,3,2,2,5.65685,20,12,1,1,999
785,4,2,2,5.65685,18,11,1,1,999
786,5,2,2,5.65685,15,10,1,1,999
787,0,30.5,30.5,33.2132,5,5,0.677778,0,1.64193
788,1,5.5,5.5,9.07107,8,9,1,1,1
789,0,145.5,145.5,67.3553,5,5,0.751938,0,1.81483
790,1,2,2,5.65685,15,8,1,1,999
791,2,7,7,10.4853,13,8,1,0,1.29099
792,0,250.5,250.5,66.5269,5,5,0.920956,1,1.14707
793,1,2,2,5.65685,12,14,1,1,999
794,0,6,6,22.4853,5,5,0.375,1,1.24804
795,0,8,8,10.8284,5,5,1,1,1.22474
796,0,144.5,144.5,104.811,5,5,0.534196,1,1.28246
797,1,2,2,5.65685,9,20,1,1,999
798,2,2,2,5.65685,10,17,1,1,999
799,3,2,2,5.65685,21,13,1,1,999
800,0,34,34,28.1421,5,5,0.809524,1,1.46998
801,0,309,309,113.255,5,5,0.821809,2,2.31014
802,0,18,18,17.3137,5,5,0.923077,1,1.58994
803,0,56,56,30.1421,5,5,0.941176,1,1.61019
804,0,1,1,7.65685,5,5,0.5,1,999
805,0,17,17,15.6569,5,5,0.971429,1,1.10421
806,0,35,35,23.3137,5,5,0.921053,1,1.06678
807,0,6,6,9.65685,5,5,0.923077,1,1.12926
808,0,34.5,34.5,21.8995,5,5,1,1,1.28488
809,0,19.5,19.5,17.0711,5,5,0.975,1,1.45089
810,0,12,12,13.6569,5,5,0.96,1,1.32016
811,0,10.5,10.5,12.2426,5,5,1,1,1.27785
812,0,264.5,264.5,66.5269,5,5,0.916811,0,1.06956
813,0,25.5,25.5,20.7279,5,5,0.910714,1,1.14658
814,0,14.5,14.5,16.2426,5,5,0.966667,0,1.6907
815,0,26,26,24.1421,5,5,0.866667,1,2.6873
816,0,31,31,23.3137,5,5,0.885714,1,1.41207
817,0,11,11,13.6569,5,5,0.88,1,1.1109
818,0,14.5,14.5,15.0711,5,5,1,1,1.25038
819,0,7.5,7.5,10.2426,5,5,1,1,1.22911
820,0,69.5,69.5,38.0416,5,5,0.902597,0,1.77237
821,0,29,29,21.3137,5,5,0.95082,1,1.4869
822,0,134.5,134.5,73.0122,5,5,0.689744,1,1.95254
823,1,11.5,11.5,13.8995,17,12,0.92,1,1.08658
824,0,7,7,10.8284,5,5,0.933333,1,1.63908
825,0,29,29,21.3137,5,5,0.920635,1,1.20201
826,1,2,2,5.65685,10,6,1,1,999
827,0,3.5,3.5,8.24264,5,5,1,1,2.10749
828,0,13,13,13.6569,5,5,0.962963,1,1.10467
829,0,24,24,25.3137,5,5,0.872727,2,2.95361
830,0,5,5,10.8284,5,5,0.833333,1,2.56321
831,0,27.5,27.5,22.7279,5,5,0.887097,1,1.7052
832,0,15.5,15.5,15.0711,5,5,0.96875,1,1.37863
833,0,10,10,12.8284,5,5,0.952381,0,1.6647
834,0,18.5,18.5,17.0711,5,5,0.925,1,1.05458
835,0,136,136,48.6274,5,5,0.934708,1,1.7798
836,0,23.5,23.5,21.8995,5,5,0.839286,1,1.96894
837,0,20.5,20.5,17.8995,5,5,0.931818,0,1.034
838,0,32,32,23.3137,5,5,0.901408,0,1.25721
839,0,21,21,18.4853,5,5,0.933333,1,1.22501
840,0,29.5,29.5,21.8995,5,5,0.936508,0,1.44527
841,0,6.5,6.5,10.2426,5,5,0.928571,1,1.12962
842,0,22.5,22.5,18.2426,5,5,1,1,1.20519
843,0,2,2,6.82843,5,5,0.8,1,1.32951
844,0,48.5,48.5,30.7279,5,5,0.898148,0,1.95485
845,0,8,8,10.8284,5,5,1,1,1.41421
846,0,4,4,8,5,5,1,1,999
847,0,9.5,9.5,12.2426,5,5,1,1,1.65172
848,0,9.5,9.5,15.0711,5,5,0.76,1,1.03169
849,1,2,2,5.65685,7,7,1,1,999
850,0,13.5,13.5,15.0711,5,5,1,1,1.90111
851,0,52.5,52.5,30.3848,5,5,0.897436,0,1.43864
852,0,31,31,26.1421,5,5,0.826667,1,1.90949
853,0,100.5,100.5,59.5563,5,5,0.804,3,4.11059
854,0,112,112,101.255,5,5,0.478632,0,3.20715
855,0,29,29,29.3137,5,5,0.74359,2,2.86626
856,0,83.5,83.5,55.3553,5,5,0.719828,1,2.75103
857,0,120,120,54.7696,5,5,0.848057,1,1.93591
858,0,102.5,102.5,48.0416,5,5,0.833333,1,1.1131
859,0,19.5,19.5,19.8995,5,5,0.847826,1,1.50356
860,0,76.5,76.5,34.7279,5,5,0.944444,0,1.29471
861,0,71,71,57.1127,5,5,0.735751,2,5.03473
862,1,4,4,7.65685,8,6,1,0,1.41421
863,0,1363.5,1363.5,400.86,5,5,0.514723,1,2.31552
864,1,2,2,5.65685,37,41,1,1,999
865,2,2,2,5.65685,84,35,1,1,999
866,3,2,2,5.65685,27,34,1,1,999
867,4,2,2,5.65685,41,33,1,1,999
868,5,2,2,5.65685,26,32,1,1,999
869,6,2,2,5.65685,22,27,1,1,999
870,7,2,2,5.65685,51,26,1,1,999
871,8,2,2,5.65685,20,25,1,1,999
872,9,2,2,5.65685,42,24,1,1,999
873,10,7,7,10.4853,50,23,1,1,1.29099
874,11,2,2,5.65685,7,17,1,1,999
875,12,2,2,5.65685,18,15,1,1,999
876,13,2,2,5.65685,9,8,1,1,999
877,0,15,15,17.3137,5,5,0.833333,1,1.55537
878,0,64.5,64.5,72.669,5,5,0.551282,1,4.19765
879,1,2,2,5.65685,17,9,1,1,999
880,0,469.5,469.5,104.811,5,5,0.880863,1,2.33911
881,1,2,2,5.65685,6,8,1,1,999
882,0,37.5,37.5,24.7279,5,5,0.9375,1,1.71642
883,0,50.5,50.5,31.5563,5,5,0.893805,0,2.11895
884,1,2,2,5.65685,9,13,1,1,999
885,2,2,2,5.65685,10,10,1,1,999
886,0,37.5,37.5,32.0416,5,5,0.914634,1,2.90803
887,0,63,63,33.799,5,5,0.9,1,1.53325
888,0,25.5,25.5,27.5563,5,5,0.796875,0,3.06581
889,0,38.5,38.5,36.3848,5,5,0.810526,0,3.84254
890,0,8,8,16.4853,5,5,0.64,1,1.45981
891,0,116,116,66.7696,5,5,0.651685,1,2.30644
892,0,67,67,74.0833,5,5,0.515385,0,2.37736
893,1,2,2,5.65685,8,16,1,1,999
894,2,2,2,5.65685,8,9,1,1,999
895,3,2,2,5.65685,7,5,1,1,999
896,0,13.5,13.5,30.3848,5,5,0.519231,2,3.2228
897,0,109.5,109.5,55.3553,5,5,0.817164,0,1.46264
898,1,2,2,5.65685,11,13,1,1,999
899,0,37,37,28.4853,5,5,0.850575,1,1.86837
900,0,67.5,67.5,48.8701,5,5,0.737705,0,1.46144
901,0,371.5,371.5,99.1543,5,5,0.794652,1,1.41885
902,1,2,2,5.65685,14,28,1,1,999
903,2,2,2,5.65685,15,26,1,1,999
904,3,2,2,5.65685,14,24,1,1,999
905,4,2,2,5.65685,13,23,1,1,999
906,5,2,2,5.65685,25,22,1,1,999
907,6,2,2,5.65685,11,19,1,1,999
908,0,2.5,2.5,7.41421,5,5,0.833333,1,1.58592
909,0,44,44,26.9706,5,5,0.907216,0,1.32139
910,0,24.5,24.5,20.7279,5,5,0.907407,1,1.46745
911,0,103.5,103.5,68.1838,5,5,0.518797,0,1.44715
912,1,2,2,5.65685,10,9,1,1,999
913,0,115,115,84.4264,5,5,0.608466,0,4.06178
914,0,38,38,29.799,5,5,0.808511,1,1.44427
915,0,451.5,451.5,155.095,5,5,0.645461,0,1.08168
916,0,842.5,842.5,212.551,5,5,0.639226,1,1.16004
917,1,21.5,21.5,20.7279,30,25,0.914894,0,2.86483
918,2,2,2,5.65685,6,23,1,1,999
919,3,2,2,5.65685,29,21,1,1,999
920,4,2,2,5.65685,6,21,1,1,999
921,5,2,2,5.65685,29,5,1,1,999
922,0,7861,7861,1183.39,5,5,0.62765,0,1.44981
923,1,4,4,7.65685,85,140,1,1,1.41421
924,2,2,2,5.65685,81,140,1,1,999
925,3,2,2,5.65685,87,139,1,1,999
926,4,4,4,7.65685,82,139,1,1,1.41421
927,5,2,2,5.65685,76,138,1,1,999
928,6,2,2,5.65685,61,137,1,1,999
929,7,2,2,5.65685,87,136,1,1,999
930,8,4,4,7.65685,77,135,1,1,1.41421
931,9,2,2,5.65685,88,134,1,1,999
932,10,2,2,5.65685,53,132,1,1,999
933,11,4,4,7.65685,50,129,1,0,1.41421
934,12,2,2,5.65685,46,128,1,1,999
935,13,2,2,5.65685,37,128,1,1,999
936,14,2,2,5.65685,78,127,1,1,999
937,15,2,2,5.65685,56,127,1,1,999
938,16,6,6,9.65685,48,127,1,0,1.73205
939,17,2,2,5.65685,35,127,1,1,999
940,18,2,2,5.65685,53,126,1,1,999
941,19,2,2,5.65685,51,126,1,1,999
942,20,2,2,5.65685,49,126,1,1,999
943,21,2,2,5.65685,32,126,1,1,999
944,22,5.5,5.5,9.07107,47,125,1,1,1
945,23,2,2,5.65685,53,124,1,1,999
946,24,2,2,5.65685,36,124,1,1,999
947,25,2,2,5.65685,32,124,1,1,999
948,26,4,4,7.65685,51,123,1,0,1.41421
949,27,5.5,5.5,9.07107,45,123,1,1,1
950,28,2,2,5.65685,33,123,1,1,999
951,29,2,2,5.65685,31,123,1,1,999
952,30,2,2,5.65685,89,122,1,1,999
953,31,2,2,5.65685,55,122,1,1,999
954,32,2,2,5.65685,53,122,1,1,999
955,33,6,6,9.65685,49,122,1,0,1.73205
956,34,7,7,10.4853,38,122,1,0,1.44701
957,35,2,2,5.65685,97,121,1,1,999
958,36,2,2,5.65685,61,121,1,1,999
959,37,2,2,5.65685,48,121,1,1,999
960,38,7,7,10.4853,35,121,1,1,1.44701
961,39,2,2,5.65685,46,120,1,1,999
962,40,5.5,5.5,9.07107,95,119,1,1,1
963,41,2,2,5.65685,78,119,1,1,999
964,42,2,2,5.65685,62,119,1,1,999
965,43,5.5,5.5,9.07107,58,119,1,1,1
966,44,2,2,5.65685,54,119,1,1,999
967,45,2,2,5.65685,51,119,1,1,999
968,46,2,2,5.65685,41,119,1,1,999
969,47,2,2,5.65685,75,118,1,1,999
970,48,2,2,5.65685,59,118,1,1,999
971,49,6,6,9.65685,55,118,1,1,1.73205
972,50,2,2,5.65685,52,118,1,1,999
973,51,2,2,5.65685,93,115,1,1,999
974,52,2,2,5.65685,91,115,1,1,999
975,53,2,2,5.65685,78,115,1,1,999
976,54,2,2,5.65685,25,115,1,1,999
977,55,2,2,5.65685,94,114,1,1,999
978,56,2,2,5.65685,41,114,1,1,999
979,57,2,2,5.65685,105,113,1,1,999
980,58,2,2,5.65685,90,113,1,1,999
981,59,2,2,5.65685,88,113,1,1,999
982,60,2,2,5.65685,20,113,1,1,999
983,61,5.5,5.5,9.07107,24,112,1,1,1
984,62,4,4,7.65685,77,111,1,1,1.41421
985,63,2,2,5.65685,39,111,1,1,999
986,64,2,2,5.65685,29,111,1,1,999
987,65,2,2,5.65685,24,111,1,1,999
988,66,4,4,7.65685,102,110,1,0,1.41421
989,67,8.5,8.5,11.8995,26,110,0.944444,1,2.01498
990,68,2,2,5.65685,101,109,1,1,999
991,69,2,2,5.65685,97,109,1,1,999
992,70,2,2,5.65685,61,109,1,1,999
993,71,9,9,12.4853,41,109,0.9,0,1.2541
994,72,2,2,5.65685,28,109,1,1,999
995,73,4,4,7.65685,25,109,1,0,1.41421
996,74,7,7,10.4853,21,109,1,0,1.29099
997,75,2,2,5.65685,20,109,1,1,999
998,76,2,2,5.65685,45,108,1,1,999
999,77,2,2,5.65685,96,107,1,1,999
1000,78,2,2,5.65685,67,107,1,1,999
1001,79,2,2,5.65685,43,107,1,1,999
1002,80,2,2,5.65685,101,106,1,1,999
1003,81,2,2,5.65685,99,106,1,1,999
1004,82,2,2,5.65685,46,106,1,1,999
1005,83,2,2,5.65685,44,106,1,1,999
1006,84,2,2,5.65685,97,105,1,1,999
1007,85,4,4,7.65685,47,105,1,1,1.41421
1008,86,2,2,5.65685,30,105,1,1,999
1009,87,2,2,5.65685,105,104,1,1,999
1010,88,2,2,5.65685,38,104,1,1,999
1011,89,2,2,5.65685,27,104,1,1,999
1012,90,5.5,5.5,9.07107,19,104,1,1,1
1013,91,7,7,10.4853,44,103,1,1,1.29099
1014,92,2,2,5.65685,37,103,1,1,999
1015,93,2,2,5.65685,30,103,1,1,999
1016,94,2,2,5.65685,28,103,1,1,999
1017,95,2,2,5.65685,44,102,1,1,999
1018,96,4,4,7.65685,35,102,1,1,1.41421
1019,97,2,2,5.65685,27,102,1,1,999
1020,98,2,2,5.65685,110,101,1,1,999
1021,99,2,2,5.65685,48,101,1,1,999
1022,100,2,2,5.65685,39,101,1,1,999
1023,101,2,2,5.65685,45,100,1,1,999
1024,102,4,4,7.65685,41,100,1,0,1.41421
1025,103,2,2,5.65685,25,99,1,1,999
1026,104,2,2,5.65685,47,98,1,1,999
1027,105,2,2,5.65685,42,98,1,1,999
1028,106,2,2,5.65685,27,98,1,1,999
1029,107,4,4,7.65685,60,97,1,1,1.41421
1030,108,2,2,5.65685,48,97,1,1,999
1031,109,2,2,5.65685,34,97,1,1,999
1032,110,2,2,5.65685,46,96,1,1,999
1033,111,2,2,5.65685,39,96,1,1,999
1034,112,6,6,9.65685,27,94,1,0,1.73205
1035,113,2,2,5.65685,21,94,1,1,999
1036,114,2,2,5.65685,61,93,1,1,999
1037,115,2,2,5.65685,41,93,1,1,999
1038,116,2,2,5.65685,36,93,1,1,999
1039,117,2,2,5.65685,40,91,1,1,999
1040,118,2,2,5.65685,34,91,1,1,999
1041,119,2,2,5.65685,36,90,1,1,999
1042,120,2,2,5.65685,32,90,1,1,999
1043,121,9.5,9.5,13.0711,37,86,0.904762,0,1.64965
1044,122,6,6,9.65685,112,85,1,1,1.73205
1045,123,4,4,7.65685,23,83,1,0,1.41421
1046,124,2,2,5.65685,22,82,1,1,999
1047,125,4,4,7.65685,14,80,1,1,1.41421
1048,126,2,2,5.65685,100,79,1,1,999
1049,127,2,2,5.65685,78,75,1,1,999
1050,128,2,2,5.65685,78,71,1,1,999
1051,129,2,2,5.65685,92,68,1,1,999
1052,130,2,2,5.65685,74,68,1,1,999
1053,131,2,2,5.65685,58,66,1,1,999
1054,132,4,4,7.65685,61,64,1,0,1.41421
1055,133,2,2,5.65685,56,63,1,1,999
1056,134,2,2,5.65685,80,62,1,1,999
1057,135,4,4,7.65685,75,61,1,0,1.41421
1058,136,2,2,5.65685,92,55,1,1,999
1059,137,2,2,5.65685,77,55,1,1,999
1060,138,2,2,5.65685,72,54,1,1,999
1061,139,2,2,5.65685,81,52,1,1,999
1062,140,2,2,5.65685,103,51,1,1,999
1063,141,5.5,5.5,9.07107,76,51,1,1,1
1064,142,2,2,5.65685,73,50,1,1,999
1065,143,2,2,5.65685,64,50,1,1,999
1066,144,2,2,5.65685,74,49,1,1,999
1067,145,2,2,5.65685,78,47,1,1,999
1068,146,2,2,5.65685,68,47,1,1,999
1069,147,2,2,5.65685,61,47,1,1,999
1070,148,2,2,5.65685,79,46,1,1,999
1071,149,2,2,5.65685,75,46,1,1,999
1072,150,4,4,7.65685,69,46,1,1,1.41421
1073,151,2,2,5.65685,123,44,1,1,999
1074,152,7,7,10.4853,75,43,1,1,1.44701
1075,153,2,2,5.65685,68,34,1,1,999
1076,154,2,2,5.65685,71,32,1,1,999
1077,155,2,2,5.65685,77,31,1,1,999
1078,156,4,4,7.65685,77,27,1,1,1.41421
1079,157,4,4,7.65685,63,25,1,0,1.41421
1080,158,2,2,5.65685,78,23,1,1,999
1081,159,2,2,5.65685,99,22,1,1,999
1082,160,2,2,5.65685,82,22,1,1,999
1083,161,2,2,5.65685,81,20,1,1,999
1084,162,9.5,9.5,11.8995,71,18,1,1,1.29099
1085,163,2,2,5.65685,98,17,1,1,999
1086,164,2,2,5.65685,119,9,1,1,999
1087,165,2,2,5.65685,65,9,1,1,999
1088,0,551.5,551.5,216.208,5,5,0.55455,1,1.35204
1089,1,2,2,5.65685,42,22,1,1,999
1090,2,2,2,5.65685,38,22,1,1,999
1091,3,2,2,5.65685,44,21,1,1,999
1092,4,2,2,5.65685,44,18,1,1,999
1093,5,2,2,5.65685,38,18,1,1,999
1094,6,5.5,5.5,9.07107,34,18,1,1,1
1095,7,2,2,5.65685,26,15,1,1,999
1096,8,2,2,5.65685,40,13,1,1,999
1097,9,4,4,7.65685,38,13,1,0,1.41421
1098,10,2,2,5.65685,38,10,1,1,999
1099,11,7,7,10.4853,28,10,1,0,1.29099
1100,12,2,2,5.65685,28,6,1,1,999
1101,0,63,63,35.799,5,5,0.851351,1,1.40536
1102,0,260.5,260.5,71.6985,5,5,0.904514,1,1.87209
1103,0,10,10,11.6569,5,5,1,0,1.22474
1104,0,35,35,26.9706,5,5,0.853659,1,1.52614
1105,1,2,2,5.65685,12,5,1,1,999
1106,0,142.5,142.5,59.6985,5,5,0.800562,1,1.58914
1107,1,4,4,7.65685,12,17,1,1,1.41421
1108,0,286.5,286.5,93.0122,5,5,0.759947,1,1.40602
1109,0,269.5,269.5,87.4975,5,5,0.781159,0,1.61435
1110,0,6896,6896,978.029,5,5,0.593255,1,1.50261
1111,1,2,2,5.65685,40,120,1,1,999
1112,2,2,2,5.65685,45,119,1,1,999
1113,3,2,2,5.65685,35,119,1,1,999
1114,4,2,2,5.65685,45,117,1,1,999
1115,5,2,2,5.65685,39,117,1,1,999
1116,6,2,2,5.65685,36,117,1,1,999
1117,7,2,2,5.65685,48,116,1,1,999
1118,8,4,4,7.65685,29,116,1,0,1.41421
1119,9,4,4,7.65685,30,115,1,1,1.41421
1120,10,2,2,5.65685,28,115,1,1,999
1121,11,2,2,5.65685,25,115,1,1,999
1122,12,2,2,5.65685,21,114,1,1,999
1123,13,2,2,5.65685,43,113,1,1,999
1124,14,2,2,5.65685,38,113,1,1,999
1125,15,2,2,5.65685,36,113,1,1,999
1126,16,7.5,7.5,11.0711,27,113,0.9375,1,1.54785
1127,17,2,2,5.65685,22,113,1,1,999
1128,18,11,11,14.4853,16,112,0.916667,1,1.31679
1129,19,2,2,5.65685,36,111,1,1,999
1130,20,2,2,5.65685,33,111,1,1,999
1131,21,2,2,5.65685,29,111,1,1,999
1132,22,2,2,5.65685,20,111,1,1,999
1133,23,2,2,5.65685,14,111,1,1,999
1134,24,2,2,5.65685,34,109,1,1,999
1135,25,5.5,5.5,9.07107,27,109,1,1,1
1136,26,2,2,5.65685,30,108,1,1,999
1137,27,2,2,5.65685,29,107,1,1,999
1138,28,4,4,7.65685,26,107,1,1,1.41421
1139,29,2,2,5.65685,33,105,1,1,999
1140,30,4,4,7.65685,27,105,1,1,1.41421
1141,31,2,2,5.65685,25,105,1,1,999
1142,32,2,2,5.65685,10,97,1,1,999
1143,33,2,2,5.65685,6,94,1,1,999
1144,34,2,2,5.65685,98,93,1,1,999
1145,35,2,2,5.65685,101,92,1,1,999
1146,36,2,2,5.65685,100,91,1,1,999
1147,37,2,2,5.65685,132,84,1,1,999
1148,38,2,2,5.65685,133,83,1,1,999
1149,39,2,2,5.65685,137,77,1,1,999
1150,40,2,2,5.65685,136,75,1,1,999
1151,41,4,4,7.65685,144,71,1,1,1.41421
1152,42,2,2,5.65685,61,64,1,1,999
1153,43,5.5,5.5,9.07107,57,62,1,1,1
1154,44,2,2,5.65685,56,61,1,1,999
1155,45,2,2,5.65685,61,60,1,1,999
1156,46,7,7,10.4853,55,58,1,0,1.44701
1157,47,2,2,5.65685,54,58,1,1,999
1158,48,2,2,5.65685,74,57,1,1,999
1159,49,2,2,5.65685,62,57,1,1,999
1160,50,2,2,5.65685,63,56,1,1,999
1161,51,2,2,5.65685,61,56,1,1,999
1162,52,2,2,5.65685,57,56,1,1,999
1163,53,2,2,5.65685,64,53,1,1,999
1164,54,7,7,10.4853,66,52,1,0,1.29099
1165,55,2,2,5.65685,61,52,1,1,999
1166,56,2,2,5.65685,62,51,1,1,999
1167,57,4,4,7.65685,77,50,1,1,1.41421
1168,58,66.5,66.5,34.3848,69,49,0.917241,1,1.34281
1169,59,2,2,5.65685,134,48,1,1,999
1170,60,2,2,5.65685,61,48,1,1,999
1171,61,2,2,5.65685,96,47,1,1,999
1172,62,2,2,5.65685,64,47,1,1,999
1173,63,4,4,7.65685,77,46,1,1,1.41421
1174,64,2,2,5.65685,95,45,1,1,999
1175,65,2,2,5.65685,77,44,1,1,999
1176,66,2,2,5.65685,61,44,1,1,999
1177,67,2,2,5.65685,81,43,1,1,999
1178,68,4,4,7.65685,77,42,1,1,1.41421
1179,69,5.5,5.5,9.07107,88,41,1,1,1
1180,70,2,2,5.65685,72,41,1,1,999
1181,71,2,2,5.65685,67,41,1,1,999
1182,72,5.5,5.5,9.07107,62,41,1,1,1
1183,73,2,2,5.65685,57,41,1,1,999
1184,74,2,2,5.65685,89,40,1,1,999
1185,75,7,7,10.4853,75,40,1,0,1.29099
1186,76,2,2,5.65685,61,40,1,1,999
1187,77,2,2,5.65685,96,39,1,1,999
1188,78,2,2,5.65685,94,39,1,1,999
1189,79,2,2,5.65685,92,39,1,1,999
1190,80,7,7,10.4853,69,39,1,0,1.29099
1191,81,2,2,5.65685,62,38,1,1,999
1192,82,11,11,12.4853,72,37,1,1,1.29099
1193,83,2,2,5.65685,55,37,1,1,999
1194,84,2,2,5.65685,74,36,1,1,999
1195,85,2,2,5.65685,61,36,1,1,999
1196,86,2,2,5.65685,73,35,1,1,999
1197,87,15.5,15.5,16.7279,66,35,0.939394,1,1.51383
1198,88,2,2,5.65685,146,34,1,1,999
1199,89,2,2,5.65685,140,34,1,1,999
1200,90,2,2,5.65685,80,34,1,1,999
1201,91,10,10,12.4853,143,33,0.952381,1,1.37345
1202,92,2,2,5.65685,125,33,1,1,999
1203,93,102,102,68.7696,74,33,0.673267,2,2.14965
1204,94,2,2,5.65685,120,32,1,1,999
1205,95,5.5,5.5,9.07107,81,32,1,1,1
1206,96,2,2,5.65685,79,32,1,1,999
1207,97,4,4,7.65685,72,32,1,0,1.41421
1208,98,2,2,5.65685,51,32,1,1,999
1209,99,2,2,5.65685,142,31,1,1,999
1210,100,2,2,5.65685,129,31,1,1,999
1211,101,2,2,5.65685,116,31,1,1,999
1212,102,2,2,5.65685,85,31,1,1,999
1213,103,4,4,7.65685,61,31,1,0,1.41421
1214,104,28,28,24.1421,51,31,0.861538,0,1.55377
1215,105,2,2,5.65685,53,31,1,1,999
1216,106,5.5,5.5,9.07107,47,31,1,1,1
1217,107,2,2,5.65685,144,30,1,1,999
1218,108,2,2,5.65685,132,30,1,1,999
1219,109,2,2,5.65685,127,30,1,1,999
1220,110,2,2,5.65685,125,30,1,1,999
1221,111,2,2,5.65685,119,30,1,1,999
1222,112,2,2,5.65685,117,30,1,1,999
1223,113,2,2,5.65685,111,30,1,1,999
1224,114,2,2,5.65685,86,30,1,1,999
1225,115,2,2,5.65685,82,30,1,1,999
1226,116,2,2,5.65685,75,30,1,1,999
1227,117,2,2,5.65685,68,30,1,1,999
1228,118,2,2,5.65685,66,30,1,1,999
1229,119,2,2,5.65685,62,30,1,1,999
1230,120,2,2,5.65685,58,30,1,1,999
1231,121,2,2,5.65685,145,29,1,1,999
1232,122,5.5,5.5,9.07107,122,29,1,1,1
1233,123,5.5,5.5,9.07107,77,29,1,1,1
1234,124,2,2,5.65685,54,29,1,1,999
1235,125,4,4,7.65685,51,29,1,1,1.41421
1236,126,2,2,5.65685,122,28,1,1,999
1237,127,2,2,5.65685,101,28,1,1,999
1238,128,2,2,5.65685,63,28,1,1,999
1239,129,2,2,5.65685,61,28,1,1,999
1240,130,2,2,5.65685,99,27,1,1,999
1241,131,2,2,5.65685,70,27,1,1,999
1242,132,2,2,5.65685,64,27,1,1,999
1243,133,2,2,5.65685,41,27,1,1,999
1244,134,2,2,5.65685,39,27,1,1,999
1245,135,2,2,5.65685,113,26,1,1,999
1246,136,2,2,5.65685,98,26,1,1,999
1247,137,2,2,5.65685,78,26,1,1,999
1248,138,2,2,5.65685,67,26,1,1,999
1249,139,2,2,5.65685,80,25,1,1,999
1250,140,2,2,5.65685,111,24,1,1,999
1251,141,2,2,5.65685,61,24,1,1,999
1252,142,2,2,5.65685,113,22,1,1,999
1253,143,2,2,5.65685,111,22,1,1,999
1254,144,2,2,5.65685,106,22,1,1,999
1255,145,7,7,10.4853,80,22,1,1,1.29099
1256,146,4,4,7.65685,77,22,1,1,1.41421
1257,147,2,2,5.65685,74,21,1,1,999
1258,148,2,2,5.65685,72,21,1,1,999
1259,149,4,4,7.65685,112,20,1,0,1.41421
1260,150,2,2,5.65685,110,20,1,1,999
1261,151,2,2,5.65685,107,20,1,1,999
1262,152,5.5,5.5,9.07107,92,20,1,1,1
1263,153,2,2,5.65685,63,20,1,1,999
1264,154,2,2,5.65685,76,19,1,1,999
1265,155,7.5,7.5,11.0711,73,18,0.9375,1,1.54785
1266,156,10.5,10.5,13.8995,77,17,0.875,0,1.99009
1267,157,2,2,5.65685,81,14,1,1,999
1268,158,2,2,5.65685,78,14,1,1,999
1269,159,2,2,5.65685,79,12,1,1,999
1270,0,56,56,37.799,5,5,0.767123,1,1.61821
1271,0,94,94,55.1127,5,5,0.77686,1,1.965
1272,1,2,2,5.65685,7,11,1,1,999
1273,2,4,4,7.65685,6,7,1,1,1.41421
1274,0,120.5,120.5,50.0416,5,5,0.873188,1,1.90593
1275,0,171,171,92.0833,5,5,0.589655,1,1.73607
1276,1,2,2,5.65685,9,15,1,1,999
1277,0,221,221,78.4264,5,5,0.775439,1,2.15639
1278,0,1195.5,1195.5,204.551,5,5,0.782908,0,1.27561
1279,1,2,2,5.65685,31,47,1,1,999
1280,2,2,2,5.65685,34,46,1,1,999
1281,3,2,2,5.65685,16,16,1,1,999
1282,0,333.5,333.5,112.468,5,5,0.717976,1,1.06786
1283,1,2,2,5.65685,8,24,1,1,999
1284,2,4,4,7.65685,9,22,1,0,1.41421
1285,0,414.5,414.5,117.296,5,5,0.821606,1,1.2193
1286,1,2,2,5.65685,29,15,1,1,999
1287,2,2,2,5.65685,13,7,1,1,999
1288,0,2656.5,2656.5,629.879,5,5,0.517836,1,1.26569
1289,1,2,2,5.65685,74,82,1,1,999
1290,2,2,2,5.65685,72,82,1,1,999
1291,3,2,2,5.65685,73,81,1,1,999
1292,4,2,2,5.65685,70,78,1,1,999
1293,5,2,2,5.65685,69,77,1,1,999
1294,6,2,2,5.65685,71,76,1,1,999
1295,7,2,2,5.65685,59,65,1,1,999
1296,8,4,4,7.65685,13,58,1,1,1.41421
1297,9,2,2,5.65685,63,57,1,1,999
1298,10,5.5,5.5,9.07107,58,57,1,1,1
1299,11,12,12,14.4853,87,56,0.923077,1,1.55279
1300,12,2,2,5.65685,65,56,1,1,999
1301,13,2,2,5.65685,64,55,1,1,999
1302,14,2,2,5.65685,80,54,1,1,999
1303,15,2,2,5.65685,61,54,1,1,999
1304,16,2,2,5.65685,19,54,1,1,999
1305,17,2,2,5.65685,63,53,1,1,999
1306,18,2,2,5.65685,65,52,1,1,999
1307,19,2,2,5.65685,64,51,1,1,999
1308,20,2,2,5.65685,60,51,1,1,999
1309,21,4,4,7.65685,31,50,1,1,1.41421
1310,22,4,4,7.65685,13,50,1,1,1.41421
1311,23,2,2,5.65685,64,49,1,1,999
1312,24,2,2,5.65685,62,49,1,1,999
1313,25,4,4,7.65685,16,49,1,0,1.41421
1314,26,4,4,7.65685,35,47,1,1,1.41421
1315,27,4,4,7.65685,13,46,1,1,1.41421
1316,28,2,2,5.65685,50,44,1,1,999
1317,29,2,2,5.65685,30,44,1,1,999
1318,30,2,2,5.65685,39,43,1,1,999
1319,31,2,2,5.65685,16,43,1,1,999
1320,32,2,2,5.65685,38,42,1,1,999
1321,33,2,2,5.65685,80,38,1,1,999
1322,34,182,182,82.0833,64,38,0.750515,1,1.49966
1323,35,2,2,5.65685,69,36,1,1,999
1324,36,2,2,5.65685,40,36,1,1,999
1325,37,59.5,59.5,39.2132,39,35,0.838028,1,1.9777
1326,38,2,2,5.65685,69,34,1,1,999
1327,39,2,2,5.65685,47,34,1,1,999
1328,40,2,2,5.65685,45,34,1,1,999
1329,41,4,4,7.65685,39,34,1,0,1.41421
1330,42,2,2,5.65685,68,32,1,1,999
1331,43,2,2,5.65685,42,30,1,1,999
1332,44,2,2,5.65685,38,30,1,1,999
1333,45,2,2,5.65685,39,29,1,1,999
1334,46,2,2,5.65685,44,28,1,1,999
1335,47,2,2,5.65685,41,27,1,1,999
1336,48,2,2,5.65685,69,26,1,1,999
1337,49,2,2,5.65685,58,24,1,1,999
1338,50,2,2,5.65685,39,21,1,1,999
1339,51,2,2,5.65685,37,21,1,1,999
1340,52,2,2,5.65685,42,19,1,1,999
1341,53,2,2,5.65685,47,17,1,1,999
1342,54,2,2,5.65685,32,17,1,1,999
1343,55,2,2,5.65685,50,16,1,1,999
1344,56,9.5,9.5,11.8995,42,7,1,1,1.29099
1345,0,22.5,22.5,17.8995,5,5,0.978261,1,1.24338
1346,0,1118,1118,224.108,5,5,0.757966,1,1.63689
1347,1,8.5,8.5,11.0711,12,22,1,0,1.2776
1348,2,2,2,5.65685,10,22,1,1,999
1349,3,5.5,5.5,9.07107,13,18,1,1,1
1350,0,81,81,44.6274,5,5,0.753488,1,1.23733
1351,0,206.5,206.5,64.5269,5,5,0.882479,1,1.74127
1352,1,2,2,5.65685,5,11,1,1,999
1353,0,1856,1856,256.25,5,5,0.790628,0,1.12714
1354,1,2,2,5.65685,22,26,1,1,999
1355,2,4,4,7.65685,52,25,1,0,1.41421
1356,3,2,2,5.65685,44,22,1,1,999
1357,4,2,2,5.65685,17,21,1,1,999
1358,0,223,223,61.1127,5,5,0.931106,0,1.39625
1359,0,146.5,146.5,60.0416,5,5,0.818436,1,1.59038
1360,1,2,2,5.65685,5,7,1,1,999
1361,0,199,199,67.598,5,5,0.825726,1,1.31182
1362,1,2,2,5.65685,8,14,1,1,999
1363,0,26,26,26.9706,5,5,0.742857,0,1.35357
1364,0,33.5,33.5,25.8995,5,5,0.87013,1,1.4027
1365,0,66,66,32.1421,5,5,0.94964,1,1.40031
1366,0,33.5,33.5,24.7279,5,5,0.943662,1,1.86201
1367,0,1021,1021,218.108,5,5,0.797656,1,3.06586
1368,1,2,2,5.65685,31,37,1,1,999
1369,2,5.5,5.5,9.07107,37,32,1,1,1
1370,3,2,2,5.65685,44,31,1,1,999
1371,4,5.5,5.5,9.07107,31,29,1,1,1
1372,5,6,6,9.65685,36,28,1,0,1.73205
1373,6,2,2,5.65685,30,28,1,1,999
1374,7,2,2,5.65685,37,27,1,1,999
1375,8,8.5,8.5,11.8995,33,27,0.944444,1,2.01498
1376,9,2,2,5.65685,26,27,1,1,999
1377,10,2,2,5.65685,36,26,1,1,999
1378,0,46.5,46.5,44.0416,5,5,0.664286,1,2.65155
